대출일,도서명,분야,대출자유형,대출일수
2025-03-01,부의 추월차선,경제,학생,7
2025-03-01,파이썬 첫걸음,IT,학생,14
2025-03-01,아주 작은 습관의 힘,자기계발,교직원,14
2025-03-01,파이썬 첫걸음,IT,학생,7
2025-03-01,알고리즘 도감,IT,일반,7
2025-03-01,어린 왕자,소설,학생,14
2025-03-01,아주 작은 습관의 힘,자기계발,일반,7
2025-03-01,아주 작은 습관의 힘,자기계발,학생,14
2025-03-01,파이썬 첫걸음,IT,일반,14
2025-03-01,총균쇠,역사,학생,30
2025-03-02,미움받을 용기,자기계발,일반,7
2025-03-02,아주 작은 습관의 힘,자기계발,일반,14
2025-03-02,파이썬 첫걸음,IT,일반,30
2025-03-02,파이썬 첫걸음,IT,학생,21
2025-03-02,총균쇠,역사,학생,30
2025-03-02,돈의 심리학,경제,학생,14
2025-03-02,어린 왕자,소설,일반,14
2025-03-02,파이썬 첫걸음,IT,학생,21
2025-03-02,돈의 심리학,경제,일반,14
2025-03-03,파이썬 첫걸음,IT,학생,14
2025-03-03,자바의 정석,IT,학생,7
2025-03-03,부의 추월차선,경제,학생,21
2025-03-03,아주 작은 습관의 힘,자기계발,일반,14
2025-03-03,이기적 유전자,과학,학생,21
2025-03-03,아주 작은 습관의 힘,자기계발,학생,7
2025-03-04,미움받을 용기,자기계발,일반,7
2025-03-04,1984,소설,학생,30
2025-03-04,부의 추월차선,경제,일반,14
2025-03-04,데미안,소설,일반,14
2025-03-04,파이썬 첫걸음,IT,학생,7
2025-03-04,아주 작은 습관의 힘,자기계발,학생,14
2025-03-04,1984,소설,학생,14
2025-03-04,부분과 전체,과학,교직원,21
2025-03-04,파이썬 첫걸음,IT,학생,21
2025-03-05,돈의 심리학,경제,일반,21
2025-03-05,코스모스,과학,학생,14
2025-03-05,데미안,소설,학생,14
2025-03-05,자바의 정석,IT,학생,14
2025-03-05,데미안,소설,학생,30
2025-03-05,자바의 정석,IT,학생,7
2025-03-05,총균쇠,역사,학생,30
2025-03-05,이기적 유전자,과학,학생,21
2025-03-05,부의 추월차선,경제,일반,7
2025-03-06,돈의 심리학,경제,일반,21
2025-03-06,부분과 전체,과학,학생,7
2025-03-06,미움받을 용기,자기계발,학생,14
2025-03-06,파이썬 첫걸음,IT,학생,7
2025-03-06,파이썬 첫걸음,IT,일반,7
2025-03-06,파이썬 첫걸음,IT,학생,7
2025-03-06,부의 추월차선,경제,일반,7
2025-03-06,돈의 심리학,경제,일반,7
2025-03-06,아주 작은 습관의 힘,자기계발,교직원,30
2025-03-06,이기적 유전자,과학,학생,21
2025-03-06,부의 추월차선,경제,학생,21
2025-03-06,코스모스,과학,학생,14
2025-03-07,미움받을 용기,자기계발,일반,21
2025-03-07,파이썬 첫걸음,IT,교직원,21
2025-03-07,이기적 유전자,과학,일반,7
2025-03-07,1984,소설,학생,7
2025-03-07,데미안,소설,학생,14
2025-03-07,돈의 심리학,경제,학생,14
2025-03-07,미움받을 용기,자기계발,일반,14
2025-03-07,아주 작은 습관의 힘,자기계발,일반,14
2025-03-07,어린 왕자,소설,일반,14
2025-03-08,미움받을 용기,자기계발,학생,7
2025-03-08,부의 추월차선,경제,일반,21
2025-03-08,알고리즘 도감,IT,일반,14
2025-03-08,로마인 이야기,역사,교직원,14
2025-03-08,부의 추월차선,경제,학생,14
2025-03-08,파이썬 첫걸음,IT,학생,14
2025-03-08,자바의 정석,IT,일반,30
2025-03-08,어린 왕자,소설,학생,14
2025-03-09,어린 왕자,소설,학생,14
2025-03-09,1984,소설,일반,21
2025-03-09,돈의 심리학,경제,학생,14
2025-03-09,파이썬 첫걸음,IT,교직원,14
2025-03-09,로마인 이야기,역사,일반,7
2025-03-09,1984,소설,학생,7
2025-03-10,자바의 정석,IT,교직원,7
2025-03-10,아주 작은 습관의 힘,자기계발,일반,21
2025-03-10,데미안,소설,학생,21
2025-03-10,미움받을 용기,자기계발,학생,7
2025-03-10,미움받을 용기,자기계발,교직원,14
2025-03-11,어린 왕자,소설,학생,14
2025-03-11,알고리즘 도감,IT,학생,30
2025-03-11,이기적 유전자,과학,학생,7
2025-03-11,파이썬 첫걸음,IT,일반,21
2025-03-11,데미안,소설,일반,21
2025-03-11,총균쇠,역사,교직원,21
2025-03-11,자바의 정석,IT,학생,21
2025-03-11,파이썬 첫걸음,IT,학생,7
2025-03-12,1984,소설,학생,7
2025-03-12,미움받을 용기,자기계발,일반,21
2025-03-12,파이썬 첫걸음,IT,일반,21
2025-03-12,미움받을 용기,자기계발,일반,7
2025-03-12,돈의 심리학,경제,학생,14
2025-03-13,파이썬 첫걸음,IT,학생,21
2025-03-13,미움받을 용기,자기계발,일반,7
2025-03-13,로마인 이야기,역사,일반,21
2025-03-13,아주 작은 습관의 힘,자기계발,학생,14
2025-03-13,로마인 이야기,역사,학생,21
2025-03-13,미움받을 용기,자기계발,학생,21
2025-03-13,돈의 심리학,경제,교직원,14
2025-03-13,돈의 심리학,경제,일반,14
2025-03-13,어린 왕자,소설,학생,7
2025-03-14,로마인 이야기,역사,학생,14
2025-03-14,총균쇠,역사,학생,14
2025-03-14,1984,소설,일반,7
2025-03-14,돈의 심리학,경제,일반,14
2025-03-14,자바의 정석,IT,일반,21
2025-03-14,알고리즘 도감,IT,교직원,14
2025-03-14,돈의 심리학,경제,학생,14
2025-03-14,자바의 정석,IT,학생,21
2025-03-14,총균쇠,역사,학생,14
2025-03-14,이기적 유전자,과학,일반,7
2025-03-14,이기적 유전자,과학,학생,7
2025-03-15,이기적 유전자,과학,일반,21
2025-03-15,부의 추월차선,경제,학생,14
2025-03-15,부의 추월차선,경제,학생,14
2025-03-15,코스모스,과학,교직원,7
2025-03-15,코스모스,과학,학생,14
2025-03-15,어린 왕자,소설,일반,14
2025-03-15,총균쇠,역사,학생,21
2025-03-15,아주 작은 습관의 힘,자기계발,일반,7
2025-03-15,코스모스,과학,일반,7
2025-03-15,총균쇠,역사,학생,7
2025-03-15,아주 작은 습관의 힘,자기계발,일반,7
2025-03-16,파이썬 첫걸음,IT,일반,21
2025-03-16,파이썬 첫걸음,IT,교직원,14
2025-03-16,돈의 심리학,경제,학생,7
2025-03-16,파이썬 첫걸음,IT,일반,7
2025-03-16,부의 추월차선,경제,학생,7
2025-03-16,자바의 정석,IT,학생,14
2025-03-16,미움받을 용기,자기계발,학생,21
2025-03-16,미움받을 용기,자기계발,학생,14
2025-03-17,부의 추월차선,경제,학생,7
2025-03-17,1984,소설,일반,14
2025-03-17,미움받을 용기,자기계발,학생,21
2025-03-17,파이썬 첫걸음,IT,일반,14
2025-03-17,데미안,소설,학생,14
2025-03-18,데미안,소설,교직원,14
2025-03-18,자바의 정석,IT,일반,7
2025-03-18,총균쇠,역사,학생,7
2025-03-18,어린 왕자,소설,학생,14
2025-03-18,총균쇠,역사,학생,14
2025-03-18,돈의 심리학,경제,일반,14
2025-03-18,아주 작은 습관의 힘,자기계발,일반,7
2025-03-18,로마인 이야기,역사,학생,21
2025-03-18,파이썬 첫걸음,IT,학생,14
2025-03-19,알고리즘 도감,IT,교직원,14
2025-03-19,알고리즘 도감,IT,학생,14
2025-03-19,부분과 전체,과학,학생,21
2025-03-19,데미안,소설,학생,7
2025-03-19,파이썬 첫걸음,IT,일반,7
2025-03-19,부분과 전체,과학,학생,7
2025-03-19,코스모스,과학,일반,7
2025-03-19,아주 작은 습관의 힘,자기계발,학생,7
2025-03-19,데미안,소설,일반,30
2025-03-19,부분과 전체,과학,학생,21
2025-03-20,코스모스,과학,일반,7
2025-03-20,파이썬 첫걸음,IT,일반,21
2025-03-20,아주 작은 습관의 힘,자기계발,일반,21
2025-03-20,자바의 정석,IT,학생,21
2025-03-20,아주 작은 습관의 힘,자기계발,일반,7
2025-03-20,어린 왕자,소설,일반,14
2025-03-20,파이썬 첫걸음,IT,학생,14
2025-03-21,부분과 전체,과학,학생,7
2025-03-21,아주 작은 습관의 힘,자기계발,일반,14
2025-03-21,미움받을 용기,자기계발,학생,7
2025-03-21,1984,소설,학생,21
2025-03-21,파이썬 첫걸음,IT,학생,21
2025-03-21,알고리즘 도감,IT,학생,14
2025-03-22,1984,소설,학생,21
2025-03-22,미움받을 용기,자기계발,학생,21
2025-03-22,돈의 심리학,경제,학생,7
2025-03-22,아주 작은 습관의 힘,자기계발,일반,7
2025-03-22,아주 작은 습관의 힘,자기계발,학생,14
2025-03-22,아주 작은 습관의 힘,자기계발,학생,21
2025-03-22,파이썬 첫걸음,IT,학생,7
2025-03-22,데미안,소설,일반,14
2025-03-23,로마인 이야기,역사,학생,7
2025-03-23,부의 추월차선,경제,학생,14
2025-03-23,부의 추월차선,경제,교직원,7
2025-03-23,코스모스,과학,학생,21
2025-03-23,부의 추월차선,경제,학생,14
2025-03-23,부분과 전체,과학,교직원,14
2025-03-23,파이썬 첫걸음,IT,학생,21
2025-03-23,알고리즘 도감,IT,학생,30
2025-03-23,어린 왕자,소설,학생,7
2025-03-24,알고리즘 도감,IT,일반,21
2025-03-24,부분과 전체,과학,학생,21
2025-03-24,데미안,소설,학생,7
2025-03-24,총균쇠,역사,학생,7
2025-03-24,어린 왕자,소설,학생,14
2025-03-24,어린 왕자,소설,학생,14
2025-03-24,데미안,소설,교직원,14
2025-03-24,알고리즘 도감,IT,학생,14
2025-03-24,부의 추월차선,경제,일반,14
2025-03-24,돈의 심리학,경제,일반,7
2025-03-25,파이썬 첫걸음,IT,일반,14
2025-03-25,아주 작은 습관의 힘,자기계발,학생,14
2025-03-25,총균쇠,역사,학생,14
2025-03-25,1984,소설,학생,7
2025-03-25,어린 왕자,소설,일반,21
2025-03-25,미움받을 용기,자기계발,일반,7
2025-03-25,돈의 심리학,경제,학생,30
2025-03-25,1984,소설,일반,14
2025-03-25,미움받을 용기,자기계발,교직원,21
2025-03-26,자바의 정석,IT,학생,14
2025-03-26,코스모스,과학,일반,14
2025-03-26,총균쇠,역사,학생,21
2025-03-26,미움받을 용기,자기계발,학생,7
2025-03-26,아주 작은 습관의 힘,자기계발,학생,21
2025-03-26,돈의 심리학,경제,학생,14
2025-03-26,로마인 이야기,역사,학생,21
2025-03-27,자바의 정석,IT,학생,7
2025-03-27,자바의 정석,IT,일반,14
2025-03-27,알고리즘 도감,IT,학생,30
2025-03-27,자바의 정석,IT,학생,14
2025-03-27,부분과 전체,과학,일반,14
2025-03-27,부분과 전체,과학,학생,7
2025-03-27,미움받을 용기,자기계발,일반,14
2025-03-27,자바의 정석,IT,학생,14
2025-03-27,파이썬 첫걸음,IT,일반,14
2025-03-27,부분과 전체,과학,학생,14
2025-03-27,어린 왕자,소설,일반,7
2025-03-28,파이썬 첫걸음,IT,일반,21
2025-03-28,부의 추월차선,경제,학생,7
2025-03-28,부분과 전체,과학,교직원,21
2025-03-28,어린 왕자,소설,교직원,14
2025-03-28,1984,소설,학생,7
2025-03-28,미움받을 용기,자기계발,일반,21
2025-03-28,파이썬 첫걸음,IT,일반,7
2025-04-01,알고리즘 도감,IT,교직원,14
2025-04-01,부의 추월차선,경제,일반,21
2025-04-01,아주 작은 습관의 힘,자기계발,일반,7
2025-04-01,파이썬 첫걸음,IT,학생,30
2025-04-01,자바의 정석,IT,학생,30
2025-04-01,파이썬 첫걸음,IT,학생,21
2025-04-01,코스모스,과학,학생,14
2025-04-02,미움받을 용기,자기계발,학생,7
2025-04-02,부의 추월차선,경제,일반,14
2025-04-02,파이썬 첫걸음,IT,학생,14
2025-04-02,파이썬 첫걸음,IT,학생,14
2025-04-02,돈의 심리학,경제,학생,7
2025-04-02,데미안,소설,일반,14
2025-04-02,데미안,소설,학생,14
2025-04-02,1984,소설,학생,14
2025-04-02,미움받을 용기,자기계발,학생,14
2025-04-02,알고리즘 도감,IT,학생,14
2025-04-02,파이썬 첫걸음,IT,일반,30
2025-04-02,자바의 정석,IT,학생,14
2025-04-03,부의 추월차선,경제,학생,14
2025-04-03,파이썬 첫걸음,IT,학생,30
2025-04-03,자바의 정석,IT,학생,7
2025-04-03,자바의 정석,IT,학생,14
2025-04-03,1984,소설,교직원,7
2025-04-04,자바의 정석,IT,일반,21
2025-04-04,1984,소설,학생,14
2025-04-04,어린 왕자,소설,교직원,21
2025-04-04,자바의 정석,IT,학생,14
2025-04-04,파이썬 첫걸음,IT,학생,7
2025-04-04,미움받을 용기,자기계발,일반,14
2025-04-04,이기적 유전자,과학,일반,14
2025-04-04,파이썬 첫걸음,IT,일반,14
2025-04-04,부분과 전체,과학,교직원,14
2025-04-04,이기적 유전자,과학,일반,21
2025-04-05,아주 작은 습관의 힘,자기계발,학생,14
2025-04-05,파이썬 첫걸음,IT,학생,7
2025-04-05,어린 왕자,소설,학생,14
2025-04-05,1984,소설,일반,14
2025-04-05,이기적 유전자,과학,학생,30
2025-04-06,알고리즘 도감,IT,일반,14
2025-04-06,돈의 심리학,경제,학생,30
2025-04-06,돈의 심리학,경제,일반,7
2025-04-06,파이썬 첫걸음,IT,학생,21
2025-04-06,데미안,소설,학생,14
2025-04-07,돈의 심리학,경제,일반,7
2025-04-07,돈의 심리학,경제,학생,14
2025-04-07,어린 왕자,소설,일반,30
2025-04-07,알고리즘 도감,IT,일반,21
2025-04-07,이기적 유전자,과학,일반,7
2025-04-07,미움받을 용기,자기계발,학생,7
2025-04-07,알고리즘 도감,IT,학생,7
2025-04-07,미움받을 용기,자기계발,학생,7
2025-04-07,부의 추월차선,경제,일반,7
2025-04-08,아주 작은 습관의 힘,자기계발,학생,14
2025-04-08,미움받을 용기,자기계발,일반,21
2025-04-08,자바의 정석,IT,학생,21
2025-04-08,아주 작은 습관의 힘,자기계발,일반,21
2025-04-08,어린 왕자,소설,일반,7
2025-04-08,1984,소설,학생,14
2025-04-08,아주 작은 습관의 힘,자기계발,학생,14
2025-04-08,자바의 정석,IT,학생,14
2025-04-08,알고리즘 도감,IT,학생,30
2025-04-09,이기적 유전자,과학,학생,14
2025-04-09,미움받을 용기,자기계발,학생,7
2025-04-09,아주 작은 습관의 힘,자기계발,교직원,7
2025-04-09,파이썬 첫걸음,IT,일반,14
2025-04-09,어린 왕자,소설,교직원,7
2025-04-09,돈의 심리학,경제,학생,7
2025-04-09,자바의 정석,IT,교직원,30
2025-04-09,자바의 정석,IT,학생,21
2025-04-10,로마인 이야기,역사,학생,7
2025-04-10,파이썬 첫걸음,IT,일반,30
2025-04-10,이기적 유전자,과학,학생,14
2025-04-10,자바의 정석,IT,학생,14
2025-04-10,파이썬 첫걸음,IT,일반,14
2025-04-10,어린 왕자,소설,일반,14
2025-04-10,데미안,소설,학생,14
2025-04-11,자바의 정석,IT,일반,21
2025-04-11,미움받을 용기,자기계발,학생,14
2025-04-11,데미안,소설,학생,21
2025-04-11,파이썬 첫걸음,IT,학생,14
2025-04-11,총균쇠,역사,학생,14
2025-04-11,총균쇠,역사,학생,30
2025-04-12,총균쇠,역사,학생,14
2025-04-12,아주 작은 습관의 힘,자기계발,학생,14
2025-04-12,자바의 정석,IT,학생,7
2025-04-12,총균쇠,역사,일반,14
2025-04-12,아주 작은 습관의 힘,자기계발,학생,7
2025-04-12,자바의 정석,IT,학생,7
2025-04-12,아주 작은 습관의 힘,자기계발,교직원,7
2025-04-12,아주 작은 습관의 힘,자기계발,교직원,21
2025-04-12,자바의 정석,IT,학생,7
2025-04-12,미움받을 용기,자기계발,교직원,7
2025-04-13,미움받을 용기,자기계발,일반,14
2025-04-13,코스모스,과학,일반,7
2025-04-13,부의 추월차선,경제,학생,7
2025-04-13,아주 작은 습관의 힘,자기계발,일반,7
2025-04-13,돈의 심리학,경제,일반,7
2025-04-13,아주 작은 습관의 힘,자기계발,일반,30
2025-04-13,총균쇠,역사,일반,21
2025-04-13,자바의 정석,IT,학생,14
2025-04-13,돈의 심리학,경제,학생,14
2025-04-13,파이썬 첫걸음,IT,학생,14
2025-04-13,파이썬 첫걸음,IT,일반,7
2025-04-14,파이썬 첫걸음,IT,일반,21
2025-04-14,어린 왕자,소설,일반,14
2025-04-14,코스모스,과학,학생,14
2025-04-14,데미안,소설,학생,21
2025-04-14,자바의 정석,IT,학생,21
2025-04-14,로마인 이야기,역사,학생,30
2025-04-14,1984,소설,학생,7
2025-04-14,어린 왕자,소설,학생,7
2025-04-14,자바의 정석,IT,학생,7
2025-04-14,어린 왕자,소설,학생,7
2025-04-15,아주 작은 습관의 힘,자기계발,학생,14
2025-04-15,1984,소설,학생,7
2025-04-15,1984,소설,일반,7
2025-04-15,파이썬 첫걸음,IT,학생,30
2025-04-15,1984,소설,일반,14
2025-04-16,부의 추월차선,경제,학생,7
2025-04-16,데미안,소설,일반,14
2025-04-16,파이썬 첫걸음,IT,학생,14
2025-04-16,자바의 정석,IT,일반,14
2025-04-16,돈의 심리학,경제,학생,14
2025-04-16,미움받을 용기,자기계발,교직원,14
2025-04-16,아주 작은 습관의 힘,자기계발,일반,14
2025-04-17,부분과 전체,과학,학생,14
2025-04-17,자바의 정석,IT,교직원,14
2025-04-17,돈의 심리학,경제,학생,14
2025-04-17,파이썬 첫걸음,IT,학생,14
2025-04-17,부의 추월차선,경제,학생,21
2025-04-17,아주 작은 습관의 힘,자기계발,일반,7
2025-04-17,알고리즘 도감,IT,학생,14
2025-04-17,1984,소설,학생,14
2025-04-17,부의 추월차선,경제,일반,14
2025-04-17,이기적 유전자,과학,학생,14
2025-04-18,아주 작은 습관의 힘,자기계발,교직원,14
2025-04-18,어린 왕자,소설,학생,30
2025-04-18,돈의 심리학,경제,일반,7
2025-04-18,1984,소설,학생,14
2025-04-18,아주 작은 습관의 힘,자기계발,학생,21
2025-04-18,이기적 유전자,과학,학생,21
2025-04-18,알고리즘 도감,IT,일반,7
2025-04-19,파이썬 첫걸음,IT,학생,7
2025-04-19,미움받을 용기,자기계발,학생,14
2025-04-19,아주 작은 습관의 힘,자기계발,일반,14
2025-04-19,이기적 유전자,과학,일반,7
2025-04-19,자바의 정석,IT,교직원,14
2025-04-20,로마인 이야기,역사,학생,7
2025-04-20,돈의 심리학,경제,일반,14
2025-04-20,어린 왕자,소설,교직원,7
2025-04-20,아주 작은 습관의 힘,자기계발,일반,14
2025-04-20,아주 작은 습관의 힘,자기계발,일반,30
2025-04-20,돈의 심리학,경제,일반,14
2025-04-20,자바의 정석,IT,학생,7
2025-04-21,총균쇠,역사,학생,7
2025-04-21,돈의 심리학,경제,학생,30
2025-04-21,미움받을 용기,자기계발,교직원,7
2025-04-21,총균쇠,역사,학생,21
2025-04-21,아주 작은 습관의 힘,자기계발,학생,30
2025-04-22,미움받을 용기,자기계발,학생,7
2025-04-22,부의 추월차선,경제,일반,21
2025-04-22,데미안,소설,학생,14
2025-04-22,1984,소설,학생,21
2025-04-22,자바의 정석,IT,교직원,14
2025-04-22,알고리즘 도감,IT,학생,14
2025-04-22,돈의 심리학,경제,교직원,14
2025-04-23,알고리즘 도감,IT,일반,14
2025-04-23,데미안,소설,교직원,14
2025-04-23,코스모스,과학,교직원,14
2025-04-23,파이썬 첫걸음,IT,학생,7
2025-04-23,알고리즘 도감,IT,학생,14
2025-04-24,1984,소설,학생,14
2025-04-24,이기적 유전자,과학,학생,21
2025-04-24,로마인 이야기,역사,일반,7
2025-04-24,어린 왕자,소설,학생,14
2025-04-24,아주 작은 습관의 힘,자기계발,학생,14
2025-04-24,부분과 전체,과학,일반,30
2025-04-24,돈의 심리학,경제,학생,7
2025-04-25,파이썬 첫걸음,IT,교직원,14
2025-04-25,부의 추월차선,경제,일반,7
2025-04-25,파이썬 첫걸음,IT,일반,7
2025-04-25,데미안,소설,일반,7
2025-04-25,어린 왕자,소설,일반,14
2025-04-25,어린 왕자,소설,일반,7
2025-04-26,파이썬 첫걸음,IT,학생,7
2025-04-26,파이썬 첫걸음,IT,교직원,7
2025-04-26,어린 왕자,소설,일반,14
2025-04-26,미움받을 용기,자기계발,학생,14
2025-04-26,코스모스,과학,학생,14
2025-04-26,파이썬 첫걸음,IT,학생,14
2025-04-26,파이썬 첫걸음,IT,일반,14
2025-04-26,1984,소설,일반,21
2025-04-26,어린 왕자,소설,일반,7
2025-04-26,어린 왕자,소설,학생,21
2025-04-26,1984,소설,학생,7
2025-04-27,데미안,소설,일반,30
2025-04-27,어린 왕자,소설,학생,7
2025-04-27,미움받을 용기,자기계발,학생,7
2025-04-27,파이썬 첫걸음,IT,학생,21
2025-04-27,데미안,소설,일반,21
2025-04-27,아주 작은 습관의 힘,자기계발,교직원,21
2025-04-27,알고리즘 도감,IT,교직원,14
2025-04-27,어린 왕자,소설,교직원,14
2025-04-28,자바의 정석,IT,교직원,7
2025-04-28,미움받을 용기,자기계발,교직원,21
2025-04-28,어린 왕자,소설,일반,14
2025-04-28,파이썬 첫걸음,IT,교직원,7
2025-04-28,총균쇠,역사,일반,14
2025-04-28,알고리즘 도감,IT,학생,21
2025-04-28,미움받을 용기,자기계발,학생,14
2025-04-28,부의 추월차선,경제,학생,30
2025-04-28,1984,소설,일반,7
2025-04-28,이기적 유전자,과학,학생,7
2025-04-28,돈의 심리학,경제,학생,21
2025-04-28,1984,소설,학생,21
2025-05-01,아주 작은 습관의 힘,자기계발,학생,21
2025-05-01,아주 작은 습관의 힘,자기계발,일반,21
2025-05-01,자바의 정석,IT,학생,30
2025-05-01,자바의 정석,IT,학생,14
2025-05-01,데미안,소설,일반,14
2025-05-01,자바의 정석,IT,학생,14
2025-05-01,알고리즘 도감,IT,교직원,7
2025-05-01,자바의 정석,IT,일반,14
2025-05-01,부분과 전체,과학,교직원,14
2025-05-02,총균쇠,역사,학생,7
2025-05-02,코스모스,과학,일반,21
2025-05-02,파이썬 첫걸음,IT,학생,14
2025-05-02,데미안,소설,학생,14
2025-05-02,로마인 이야기,역사,학생,30
2025-05-02,1984,소설,학생,14
2025-05-02,돈의 심리학,경제,학생,30
2025-05-02,아주 작은 습관의 힘,자기계발,일반,14
2025-05-02,데미안,소설,일반,30
2025-05-03,데미안,소설,일반,21
2025-05-03,총균쇠,역사,학생,7
2025-05-03,돈의 심리학,경제,학생,14
2025-05-03,데미안,소설,일반,14
2025-05-03,어린 왕자,소설,학생,7
2025-05-03,아주 작은 습관의 힘,자기계발,학생,7
2025-05-03,돈의 심리학,경제,학생,7
2025-05-03,부분과 전체,과학,학생,7
2025-05-04,알고리즘 도감,IT,학생,14
2025-05-04,미움받을 용기,자기계발,학생,30
2025-05-04,로마인 이야기,역사,학생,21
2025-05-04,미움받을 용기,자기계발,일반,14
2025-05-04,미움받을 용기,자기계발,학생,21
2025-05-05,부의 추월차선,경제,학생,21
2025-05-05,1984,소설,학생,30
2025-05-05,이기적 유전자,과학,학생,14
2025-05-05,부분과 전체,과학,학생,7
2025-05-05,총균쇠,역사,학생,14
2025-05-05,아주 작은 습관의 힘,자기계발,학생,14
2025-05-05,1984,소설,교직원,21
2025-05-05,부의 추월차선,경제,교직원,14
2025-05-06,알고리즘 도감,IT,학생,7
2025-05-06,어린 왕자,소설,일반,21
2025-05-06,아주 작은 습관의 힘,자기계발,일반,7
2025-05-06,이기적 유전자,과학,일반,14
2025-05-06,로마인 이야기,역사,학생,21
2025-05-06,아주 작은 습관의 힘,자기계발,일반,21
2025-05-06,이기적 유전자,과학,일반,14
2025-05-06,데미안,소설,일반,14
2025-05-06,데미안,소설,학생,14
2025-05-06,이기적 유전자,과학,일반,14
2025-05-06,미움받을 용기,자기계발,학생,7
2025-05-06,데미안,소설,학생,14
2025-05-07,파이썬 첫걸음,IT,일반,14
2025-05-07,1984,소설,학생,14
2025-05-07,아주 작은 습관의 힘,자기계발,학생,7
2025-05-07,알고리즘 도감,IT,학생,14
2025-05-07,알고리즘 도감,IT,학생,7
2025-05-07,어린 왕자,소설,학생,21
2025-05-07,이기적 유전자,과학,학생,14
2025-05-07,어린 왕자,소설,학생,30
2025-05-07,부의 추월차선,경제,학생,21
2025-05-07,어린 왕자,소설,일반,14
2025-05-07,미움받을 용기,자기계발,학생,7
2025-05-08,데미안,소설,학생,7
2025-05-08,알고리즘 도감,IT,학생,7
2025-05-08,미움받을 용기,자기계발,일반,21
2025-05-08,로마인 이야기,역사,학생,21
2025-05-08,알고리즘 도감,IT,학생,30
2025-05-08,어린 왕자,소설,학생,14
2025-05-08,로마인 이야기,역사,일반,14
2025-05-08,어린 왕자,소설,학생,14
2025-05-08,부의 추월차선,경제,일반,7
2025-05-08,아주 작은 습관의 힘,자기계발,일반,7
2025-05-08,파이썬 첫걸음,IT,학생,14
2025-05-08,어린 왕자,소설,학생,21
2025-05-09,1984,소설,학생,14
2025-05-09,데미안,소설,일반,14
2025-05-09,파이썬 첫걸음,IT,일반,14
2025-05-09,미움받을 용기,자기계발,학생,14
2025-05-09,코스모스,과학,학생,14
2025-05-09,미움받을 용기,자기계발,일반,14
2025-05-09,이기적 유전자,과학,학생,14
2025-05-09,미움받을 용기,자기계발,학생,21
2025-05-09,이기적 유전자,과학,학생,21
2025-05-09,어린 왕자,소설,학생,14
2025-05-09,데미안,소설,학생,7
2025-05-09,1984,소설,학생,21
2025-05-10,미움받을 용기,자기계발,학생,14
2025-05-10,파이썬 첫걸음,IT,학생,21
2025-05-10,아주 작은 습관의 힘,자기계발,일반,21
2025-05-10,돈의 심리학,경제,일반,30
2025-05-10,자바의 정석,IT,일반,30
2025-05-10,돈의 심리학,경제,학생,7
2025-05-10,데미안,소설,학생,7
2025-05-10,파이썬 첫걸음,IT,학생,7
2025-05-10,총균쇠,역사,학생,7
2025-05-10,이기적 유전자,과학,일반,14
2025-05-10,미움받을 용기,자기계발,학생,14
2025-05-11,총균쇠,역사,학생,14
2025-05-11,아주 작은 습관의 힘,자기계발,일반,7
2025-05-11,미움받을 용기,자기계발,학생,7
2025-05-11,1984,소설,학생,14
2025-05-11,로마인 이야기,역사,학생,14
2025-05-11,아주 작은 습관의 힘,자기계발,교직원,7
2025-05-11,미움받을 용기,자기계발,학생,7
2025-05-12,아주 작은 습관의 힘,자기계발,학생,7
2025-05-12,아주 작은 습관의 힘,자기계발,학생,7
2025-05-12,데미안,소설,학생,7
2025-05-12,알고리즘 도감,IT,학생,21
2025-05-12,파이썬 첫걸음,IT,일반,14
2025-05-12,로마인 이야기,역사,일반,7
2025-05-13,1984,소설,일반,7
2025-05-13,1984,소설,학생,21
2025-05-13,데미안,소설,학생,14
2025-05-13,돈의 심리학,경제,학생,7
2025-05-13,파이썬 첫걸음,IT,학생,30
2025-05-13,파이썬 첫걸음,IT,학생,30
2025-05-13,자바의 정석,IT,일반,21
2025-05-13,아주 작은 습관의 힘,자기계발,학생,30
2025-05-13,1984,소설,학생,7
2025-05-13,자바의 정석,IT,일반,14
2025-05-14,아주 작은 습관의 힘,자기계발,학생,14
2025-05-14,1984,소설,학생,14
2025-05-14,1984,소설,일반,14
2025-05-14,코스모스,과학,일반,30
2025-05-14,이기적 유전자,과학,일반,7
2025-05-14,어린 왕자,소설,일반,14
2025-05-14,아주 작은 습관의 힘,자기계발,교직원,14
2025-05-15,부분과 전체,과학,학생,14
2025-05-15,어린 왕자,소설,학생,7
2025-05-15,이기적 유전자,과학,학생,7
2025-05-15,아주 작은 습관의 힘,자기계발,일반,7
2025-05-15,코스모스,과학,학생,30
2025-05-15,자바의 정석,IT,교직원,21
2025-05-15,데미안,소설,교직원,14
2025-05-15,미움받을 용기,자기계발,학생,21
2025-05-15,어린 왕자,소설,학생,14
2025-05-15,코스모스,과학,학생,14
2025-05-15,로마인 이야기,역사,학생,14
2025-05-16,어린 왕자,소설,학생,7
2025-05-16,미움받을 용기,자기계발,학생,7
2025-05-16,알고리즘 도감,IT,일반,14
2025-05-16,돈의 심리학,경제,학생,21
2025-05-16,미움받을 용기,자기계발,학생,14
2025-05-17,파이썬 첫걸음,IT,일반,14
2025-05-17,이기적 유전자,과학,일반,14
2025-05-17,1984,소설,일반,14
2025-05-17,파이썬 첫걸음,IT,교직원,14
2025-05-17,어린 왕자,소설,학생,21
2025-05-17,어린 왕자,소설,학생,30
2025-05-17,파이썬 첫걸음,IT,학생,30
2025-05-17,파이썬 첫걸음,IT,학생,30
2025-05-18,아주 작은 습관의 힘,자기계발,학생,14
2025-05-18,총균쇠,역사,교직원,30
2025-05-18,어린 왕자,소설,교직원,14
2025-05-18,어린 왕자,소설,학생,7
2025-05-18,부분과 전체,과학,학생,7
2025-05-18,미움받을 용기,자기계발,일반,21
2025-05-18,미움받을 용기,자기계발,일반,7
2025-05-18,어린 왕자,소설,일반,7
2025-05-18,데미안,소설,학생,14
2025-05-18,미움받을 용기,자기계발,일반,21
2025-05-18,부분과 전체,과학,학생,7
2025-05-18,이기적 유전자,과학,학생,14
2025-05-19,파이썬 첫걸음,IT,학생,14
2025-05-19,파이썬 첫걸음,IT,일반,7
2025-05-19,어린 왕자,소설,학생,21
2025-05-19,데미안,소설,일반,21
2025-05-19,파이썬 첫걸음,IT,학생,7
2025-05-19,돈의 심리학,경제,일반,14
2025-05-19,아주 작은 습관의 힘,자기계발,학생,7
2025-05-20,이기적 유전자,과학,학생,7
2025-05-20,부분과 전체,과학,학생,21
2025-05-20,알고리즘 도감,IT,학생,7
2025-05-20,로마인 이야기,역사,교직원,7
2025-05-20,자바의 정석,IT,일반,7
2025-05-20,돈의 심리학,경제,일반,7
2025-05-20,1984,소설,교직원,14
2025-05-20,어린 왕자,소설,일반,21
2025-05-20,부의 추월차선,경제,학생,14
2025-05-20,미움받을 용기,자기계발,일반,7
2025-05-20,이기적 유전자,과학,일반,7
2025-05-20,데미안,소설,일반,7
2025-05-21,돈의 심리학,경제,학생,14
2025-05-21,알고리즘 도감,IT,학생,30
2025-05-21,어린 왕자,소설,학생,7
2025-05-21,알고리즘 도감,IT,학생,21
2025-05-21,돈의 심리학,경제,학생,21
2025-05-21,파이썬 첫걸음,IT,일반,14
2025-05-21,미움받을 용기,자기계발,일반,7
2025-05-21,알고리즘 도감,IT,학생,14
2025-05-21,총균쇠,역사,학생,14
2025-05-21,돈의 심리학,경제,학생,14
2025-05-21,총균쇠,역사,학생,14
2025-05-21,자바의 정석,IT,일반,21
2025-05-22,미움받을 용기,자기계발,학생,21
2025-05-22,코스모스,과학,학생,7
2025-05-22,돈의 심리학,경제,학생,30
2025-05-22,자바의 정석,IT,일반,21
2025-05-22,1984,소설,일반,14
2025-05-22,아주 작은 습관의 힘,자기계발,일반,30
2025-05-22,1984,소설,일반,7
2025-05-22,알고리즘 도감,IT,일반,14
2025-05-22,아주 작은 습관의 힘,자기계발,학생,7
2025-05-22,데미안,소설,학생,7
2025-05-23,이기적 유전자,과학,일반,21
2025-05-23,파이썬 첫걸음,IT,학생,21
2025-05-23,자바의 정석,IT,일반,14
2025-05-23,자바의 정석,IT,일반,14
2025-05-23,파이썬 첫걸음,IT,일반,30
2025-05-23,아주 작은 습관의 힘,자기계발,학생,21
2025-05-23,돈의 심리학,경제,교직원,7
2025-05-23,파이썬 첫걸음,IT,일반,14
2025-05-23,1984,소설,일반,30
2025-05-23,1984,소설,학생,7
2025-05-24,로마인 이야기,역사,학생,21
2025-05-24,자바의 정석,IT,학생,7
2025-05-24,알고리즘 도감,IT,학생,7
2025-05-24,코스모스,과학,일반,7
2025-05-24,파이썬 첫걸음,IT,교직원,14
2025-05-24,알고리즘 도감,IT,일반,30
2025-05-24,로마인 이야기,역사,학생,21
2025-05-24,파이썬 첫걸음,IT,일반,7
2025-05-24,파이썬 첫걸음,IT,학생,21
2025-05-24,아주 작은 습관의 힘,자기계발,일반,7
2025-05-24,파이썬 첫걸음,IT,학생,7
2025-05-24,미움받을 용기,자기계발,학생,14
2025-05-25,데미안,소설,학생,14
2025-05-25,자바의 정석,IT,일반,14
2025-05-25,데미안,소설,일반,30
2025-05-25,미움받을 용기,자기계발,학생,7
2025-05-25,1984,소설,학생,14
2025-05-25,어린 왕자,소설,일반,30
2025-05-25,어린 왕자,소설,교직원,14
2025-05-26,이기적 유전자,과학,학생,14
2025-05-26,알고리즘 도감,IT,학생,7
2025-05-26,이기적 유전자,과학,학생,7
2025-05-26,이기적 유전자,과학,학생,7
2025-05-26,알고리즘 도감,IT,학생,14
2025-05-27,아주 작은 습관의 힘,자기계발,일반,7
2025-05-27,파이썬 첫걸음,IT,일반,14
2025-05-27,돈의 심리학,경제,일반,21
2025-05-27,어린 왕자,소설,학생,7
2025-05-27,알고리즘 도감,IT,학생,14
2025-05-27,알고리즘 도감,IT,학생,7
2025-05-27,코스모스,과학,일반,7
2025-05-27,파이썬 첫걸음,IT,교직원,21
2025-05-27,돈의 심리학,경제,학생,30
2025-05-27,미움받을 용기,자기계발,학생,7
2025-05-27,미움받을 용기,자기계발,일반,14
2025-05-27,아주 작은 습관의 힘,자기계발,학생,7
2025-05-28,어린 왕자,소설,일반,30
2025-05-28,알고리즘 도감,IT,학생,21
2025-05-28,데미안,소설,학생,21
2025-05-28,코스모스,과학,학생,14
2025-05-28,파이썬 첫걸음,IT,학생,14
2025-05-28,미움받을 용기,자기계발,학생,30
2025-05-28,부분과 전체,과학,교직원,7
2025-05-28,어린 왕자,소설,학생,21
2025-05-28,이기적 유전자,과학,학생,14
